{"Filename":"amen.xrni","Duration":3.50907,"PathToFile":"storage/amen.xrni/amen.xrni","PathToAudio":"Sample00 (Amen Brother (Version 1) 1).flac","BPM":171,"SliceStart":[0.019347037484885116,0.061000000000000006,0.126,0.192,0.225,0.254,0.284,0.313,0.347,0.373,0.44000000000000006,0.4709999999999999,0.502,0.564,0.627,0.6930000000000001,0.722,0.754,0.781,0.813,0.847,0.874,0.94],"SliceStop":[0.08034703748488516,0.126,0.192,0.225,0.254,0.284,0.313,0.347,0.373,0.44000000000000006,0.4709999999999999,0.502,0.564,0.627,0.6930000000000001,0.722,0.754,0.781,0.813,0.847,0.874,0.94,0.971],"TempoMatch":true,"OneShot":false,"Channels":1,"Oversampling":1}
